Visit_ID,Client_ID,Date,Weekday,Entry_Time,Exit_Time,Visit_Purpose
1,1,2024-05-11,Saturday,12:22:42,13:34:42,Service
2,2,2024-05-15,Wednesday,12:59:14,15:28:14,Car Purchase
3,2,2024-05-02,Thursday,11:47:52,12:15:52,Car Wash
4,2,2024-05-27,Monday,19:34:07,20:09:07,Car Wash
5,2,2024-05-17,Friday,11:25:24,13:25:24,Financing
6,3,2024-05-07,Tuesday,19:09:38,20:20:38,Service
7,3,2024-05-10,Friday,17:55:35,18:45:35,Service
8,3,2024-05-22,Wednesday,14:53:00,16:29:00,Financing
9,3,2024-05-13,Monday,14:21:53,15:30:53,Financing
10,3,2024-05-28,Tuesday,16:25:08,17:26:08,Service
11,3,2024-05-10,Friday,15:23:15,16:03:15,Test Drive
12,4,2024-05-27,Monday,12:03:49,12:46:49,Service
13,5,2024-05-25,Saturday,09:18:35,10:07:35,Test Drive
14,5,2024-05-23,Thursday,09:04:46,09:42:46,Car Wash
15,5,2024-05-21,Tuesday,08:21:47,08:50:47,Car Wash
16,5,2024-05-03,Friday,19:06:31,19:46:31,Car Wash
17,5,2024-05-25,Saturday,16:01:34,17:12:34,Service
18,5,2024-05-18,Saturday,10:41:53,11:20:53,Service
19,5,2024-05-04,Saturday,17:37:41,18:52:41,Service
20,5,2024-05-13,Monday,11:39:36,12:48:36,Trade-In
21,6,2024-05-27,Monday,13:40:38,14:19:38,Test Drive
22,7,2024-05-17,Friday,19:01:59,20:30:59,Car Purchase
23,8,2024-05-06,Monday,15:49:02,16:36:02,Test Drive
24,9,2024-05-29,Wednesday,17:02:21,17:38:21,Service
25,9,2024-05-30,Thursday,11:07:21,12:08:21,Test Drive
26,10,2024-05-04,Saturday,12:12:28,13:18:28,Service
27,11,2024-05-30,Thursday,16:54:15,17:40:15,Test Drive
28,12,2024-05-16,Thursday,19:07:19,20:24:19,Car Purchase
29,12,2024-05-19,Sunday,15:53:04,16:39:04,Service
30,13,2024-05-24,Friday,19:00:56,19:42:56,Test Drive
31,13,2024-05-08,Wednesday,14:31:32,15:27:32,Service
32,13,2024-05-12,Sunday,13:51:33,14:45:33,Service
33,14,2024-05-13,Monday,09:40:20,11:31:20,Car Purchase
34,14,2024-05-25,Saturday,16:00:10,16:25:10,Car Wash
35,14,2024-05-18,Saturday,14:05:34,14:51:34,Test Drive
36,14,2024-05-15,Wednesday,13:59:36,14:43:36,Test Drive
37,15,2024-05-06,Monday,09:44:34,10:23:34,Financing
38,15,2024-05-10,Friday,13:02:15,13:47:15,Test Drive
39,15,2024-05-03,Friday,09:26:01,09:50:01,Car Wash
40,15,2024-05-14,Tuesday,11:17:09,11:56:09,Car Wash
41,15,2024-05-14,Tuesday,13:45:51,14:29:51,Test Drive
42,15,2024-05-09,Thursday,13:24:12,14:36:12,Service
43,16,2024-05-28,Tuesday,11:17:28,12:57:28,Financing
44,17,2024-05-06,Monday,18:01:59,18:31:59,Car Wash
45,18,2024-05-02,Thursday,17:24:01,19:16:01,Financing
46,19,2024-05-18,Saturday,15:14:08,15:43:08,Service
47,20,2024-05-07,Tuesday,19:32:03,20:21:03,Service
48,21,2024-05-08,Wednesday,08:36:38,09:48:38,Service
49,21,2024-05-06,Monday,14:49:36,15:23:36,Car Wash
50,21,2024-05-30,Thursday,10:06:26,10:40:26,Test Drive
51,21,2024-05-22,Wednesday,12:54:01,14:34:01,Financing
52,21,2024-05-21,Tuesday,13:37:14,15:59:14,Car Purchase
53,21,2024-05-05,Sunday,08:12:20,08:57:20,Service
54,21,2024-05-13,Monday,12:52:17,13:42:17,Test Drive
55,22,2024-05-17,Friday,19:10:20,21:06:20,Car Purchase
56,22,2024-05-23,Thursday,12:25:03,13:05:03,Test Drive
57,22,2024-05-03,Friday,16:28:51,17:20:51,Test Drive
58,22,2024-05-10,Friday,12:41:12,13:13:12,Test Drive
59,22,2024-05-09,Thursday,08:01:59,10:09:59,Car Purchase
60,22,2024-05-01,Wednesday,17:49:57,19:27:57,Car Purchase
61,22,2024-05-23,Thursday,09:07:58,09:42:58,Car Wash
62,22,2024-05-17,Friday,08:59:22,10:39:22,Financing
63,23,2024-05-01,Wednesday,14:36:07,15:42:07,Service
64,24,2024-05-25,Saturday,14:42:00,16:21:00,Car Purchase
65,25,2024-05-11,Saturday,11:14:18,12:33:18,Car Purchase
66,26,2024-05-28,Tuesday,10:42:57,11:17:57,Test Drive
67,27,2024-05-10,Friday,13:46:31,14:27:31,Car Wash
68,27,2024-05-17,Friday,15:39:24,16:49:24,Service
69,28,2024-05-09,Thursday,16:24:57,17:26:57,Trade-In
70,28,2024-05-18,Saturday,17:20:35,18:32:35,Financing
71,28,2024-05-21,Tuesday,19:33:10,20:03:10,Car Wash
72,28,2024-05-17,Friday,15:17:54,17:25:54,Car Purchase
73,28,2024-05-26,Sunday,16:49:21,19:14:21,Car Purchase
74,28,2024-05-20,Monday,12:43:31,12:51:31,Car Wash
75,29,2024-05-07,Tuesday,08:11:40,08:52:40,Service
76,29,2024-05-21,Tuesday,12:07:45,13:24:45,Service
77,29,2024-05-11,Saturday,13:21:42,14:30:42,Service
78,30,2024-05-28,Tuesday,09:01:28,09:42:28,Car Wash
79,30,2024-05-12,Sunday,13:42:36,14:15:36,Test Drive
80,30,2024-05-24,Friday,10:53:18,11:52:18,Service
81,30,2024-05-25,Saturday,12:46:07,14:50:07,Car Purchase
82,30,2024-05-16,Thursday,15:00:43,16:12:43,Financing
83,30,2024-05-11,Saturday,16:09:20,17:06:20,Test Drive
84,30,2024-05-07,Tuesday,18:26:01,19:06:01,Test Drive
85,30,2024-05-22,Wednesday,17:25:57,17:57:57,Car Wash
86,30,2024-05-17,Friday,16:33:52,19:16:52,Car Purchase
87,30,2024-05-23,Thursday,13:55:18,15:07:18,Financing
88,31,2024-05-04,Saturday,11:19:09,12:30:09,Trade-In
89,32,2024-05-21,Tuesday,13:39:38,14:25:38,Trade-In
90,33,2024-05-06,Monday,11:59:56,14:42:56,Car Purchase
91,33,2024-05-29,Wednesday,10:23:36,12:12:36,Financing
92,33,2024-05-23,Thursday,11:03:55,11:59:55,Service
93,33,2024-05-28,Tuesday,19:18:48,20:33:48,Service
94,33,2024-05-19,Sunday,13:23:44,14:31:44,Service
95,33,2024-05-13,Monday,11:29:54,12:14:54,Test Drive
96,34,2024-05-01,Wednesday,09:51:48,10:49:48,Test Drive
97,35,2024-05-17,Friday,13:03:19,14:05:19,Service
98,35,2024-05-27,Monday,13:46:13,14:36:13,Test Drive
99,35,2024-05-10,Friday,09:02:12,09:50:12,Test Drive
100,35,2024-05-30,Thursday,13:44:05,14:15:05,Test Drive
101,35,2024-05-10,Friday,10:45:25,11:49:25,Service
102,36,2024-05-29,Wednesday,12:19:48,13:02:48,Test Drive
103,36,2024-05-26,Sunday,11:38:38,13:11:38,Financing
104,36,2024-05-01,Wednesday,15:56:35,17:00:35,Service
105,36,2024-05-28,Tuesday,16:30:19,17:18:19,Test Drive
106,37,2024-05-04,Saturday,12:29:23,13:12:23,Service
107,38,2024-05-03,Friday,14:27:13,15:57:13,Car Purchase
108,39,2024-05-16,Thursday,13:30:41,13:51:41,Car Wash
109,39,2024-05-04,Saturday,15:42:19,16:19:19,Test Drive
110,39,2024-05-11,Saturday,16:20:03,17:12:03,Service
111,40,2024-05-15,Wednesday,09:31:55,10:57:55,Financing
112,41,2024-05-24,Friday,14:20:41,15:21:41,Service
113,41,2024-05-05,Sunday,17:20:17,18:10:17,Test Drive
114,42,2024-05-23,Thursday,17:36:23,18:18:23,Car Wash
115,42,2024-05-12,Sunday,16:40:32,17:13:32,Car Wash
116,42,2024-05-04,Saturday,17:56:06,18:24:06,Car Wash
117,43,2024-05-29,Wednesday,09:27:57,10:32:57,Service
118,44,2024-05-07,Tuesday,13:48:16,14:48:16,Service
119,44,2024-05-10,Friday,12:04:01,13:12:01,Service
120,44,2024-05-25,Saturday,09:09:33,09:49:33,Test Drive
121,44,2024-05-12,Sunday,15:46:39,16:47:39,Test Drive
122,44,2024-05-27,Monday,17:34:50,18:01:50,Car Wash
123,45,2024-05-20,Monday,17:03:45,17:41:45,Test Drive
124,45,2024-05-15,Wednesday,15:39:20,16:16:20,Test Drive
125,45,2024-05-29,Wednesday,16:39:57,17:19:57,Test Drive
126,45,2024-05-17,Friday,09:24:55,10:02:55,Test Drive
127,45,2024-05-20,Monday,10:05:38,11:36:38,Financing
128,45,2024-05-25,Saturday,18:49:42,19:42:42,Test Drive
129,46,2024-05-28,Tuesday,16:35:36,17:01:36,Test Drive
130,47,2024-05-23,Thursday,16:46:14,17:49:14,Service
131,48,2024-05-20,Monday,13:11:01,13:43:01,Test Drive
132,48,2024-05-03,Friday,10:26:49,10:57:49,Car Wash
133,48,2024-05-23,Thursday,15:36:31,18:52:31,Car Purchase
134,48,2024-05-11,Saturday,12:03:29,12:49:29,Test Drive
135,48,2024-05-16,Thursday,08:44:54,09:44:54,Service
136,48,2024-05-30,Thursday,09:03:27,11:45:27,Car Purchase
137,48,2024-05-27,Monday,12:24:02,12:57:02,Test Drive
138,49,2024-05-25,Saturday,11:33:25,12:29:25,Service
139,49,2024-05-29,Wednesday,16:51:37,18:26:37,Car Purchase
140,49,2024-05-19,Sunday,19:43:56,20:51:56,Service
141,49,2024-05-21,Tuesday,15:33:21,16:59:21,Financing
142,49,2024-05-28,Tuesday,17:47:20,18:45:20,Test Drive
143,50,2024-05-03,Friday,11:33:40,12:05:40,Car Wash
144,50,2024-05-18,Saturday,17:10:56,17:50:56,Test Drive
145,50,2024-05-12,Sunday,18:29:14,19:52:14,Service
146,50,2024-05-01,Wednesday,11:15:33,11:50:33,Car Wash
147,50,2024-05-07,Tuesday,13:08:19,13:33:19,Car Wash
148,50,2024-05-08,Wednesday,14:22:02,14:54:02,Car Wash
149,50,2024-05-21,Tuesday,10:56:52,11:21:52,Test Drive
150,50,2024-05-20,Monday,11:11:16,12:43:16,Financing
151,51,2024-05-18,Saturday,10:32:05,11:23:05,Test Drive
152,51,2024-05-23,Thursday,18:26:33,19:42:33,Service
153,52,2024-05-08,Wednesday,10:18:29,12:10:29,Financing
154,52,2024-05-27,Monday,11:48:24,12:31:24,Test Drive
155,53,2024-05-14,Tuesday,10:02:41,11:39:41,Financing
156,53,2024-05-28,Tuesday,11:44:06,12:22:06,Test Drive
157,53,2024-05-25,Saturday,19:18:46,20:23:46,Test Drive
158,54,2024-05-24,Friday,13:52:35,15:40:35,Financing
159,54,2024-05-11,Saturday,12:34:40,13:37:40,Car Purchase
160,55,2024-05-30,Thursday,16:03:58,16:30:58,Car Wash
161,55,2024-05-14,Tuesday,13:40:55,14:29:55,Test Drive
162,55,2024-05-23,Thursday,08:47:29,09:25:29,Car Wash
163,55,2024-05-21,Tuesday,12:04:47,13:16:47,Service
164,55,2024-05-03,Friday,19:32:52,20:10:52,Test Drive
165,55,2024-05-17,Friday,09:23:31,09:55:31,Car Wash
166,55,2024-05-13,Monday,14:46:39,15:55:39,Service
167,55,2024-05-09,Thursday,10:25:51,11:09:51,Car Wash
168,55,2024-05-08,Wednesday,12:50:37,13:44:37,Service
169,55,2024-05-07,Tuesday,19:27:03,20:11:03,Service
170,56,2024-05-13,Monday,10:21:43,12:06:43,Financing
171,57,2024-05-01,Wednesday,15:22:37,17:11:37,Trade-In
172,58,2024-05-25,Saturday,09:16:11,11:34:11,Car Purchase
173,59,2024-05-10,Friday,08:56:28,09:39:28,Test Drive
174,59,2024-05-03,Friday,15:13:34,16:49:34,Financing
175,59,2024-05-29,Wednesday,13:48:45,16:07:45,Financing
176,59,2024-05-08,Wednesday,18:19:59,19:57:59,Car Purchase
177,59,2024-05-30,Thursday,17:42:53,17:48:53,Car Wash
178,59,2024-05-09,Thursday,15:36:48,16:06:48,Test Drive
179,60,2024-05-07,Tuesday,14:40:38,15:35:38,Service
180,61,2024-05-11,Saturday,10:10:12,10:58:12,Service
181,62,2024-05-19,Sunday,19:07:07,20:19:07,Trade-In
182,62,2024-05-13,Monday,19:47:32,20:30:32,Service
183,62,2024-05-18,Saturday,09:01:03,09:47:03,Test Drive
184,62,2024-05-04,Saturday,09:36:18,10:53:18,Financing
185,63,2024-05-12,Sunday,17:50:14,19:03:14,Service
186,63,2024-05-02,Thursday,16:09:01,16:55:01,Test Drive
187,63,2024-05-19,Sunday,13:08:56,13:53:56,Test Drive
188,63,2024-05-03,Friday,11:05:26,14:21:26,Car Purchase
189,64,2024-05-30,Thursday,15:01:16,15:58:16,Test Drive
190,65,2024-05-12,Sunday,10:42:00,11:28:00,Test Drive
191,65,2024-05-30,Thursday,08:30:24,10:53:24,Car Purchase
192,65,2024-05-25,Saturday,13:27:20,14:10:20,Test Drive
193,65,2024-05-23,Thursday,16:52:37,17:55:37,Test Drive
194,65,2024-05-28,Tuesday,19:33:31,20:10:31,Test Drive
195,65,2024-05-16,Thursday,17:58:56,18:24:56,Test Drive
196,65,2024-05-28,Tuesday,08:23:38,10:02:38,Car Purchase
197,65,2024-05-05,Sunday,15:00:00,16:06:00,Service
198,65,2024-05-19,Sunday,17:59:17,18:58:17,Trade-In
199,66,2024-05-30,Thursday,18:48:48,19:39:48,Service
200,66,2024-05-05,Sunday,15:33:47,16:15:47,Test Drive
201,66,2024-05-04,Saturday,08:44:49,09:13:49,Car Wash
202,66,2024-05-24,Friday,15:58:02,17:02:02,Service
203,67,2024-05-22,Wednesday,18:26:41,19:37:41,Trade-In
204,68,2024-05-06,Monday,18:14:52,19:41:52,Financing
205,69,2024-05-23,Thursday,13:03:17,13:32:17,Car Wash
206,70,2024-05-17,Friday,18:46:51,19:33:51,Test Drive
207,71,2024-05-13,Monday,09:44:21,11:43:21,Car Purchase
208,72,2024-05-23,Thursday,10:02:41,10:35:41,Car Wash
209,72,2024-05-21,Tuesday,19:20:43,19:56:43,Test Drive
210,72,2024-05-04,Saturday,10:00:27,10:50:27,Test Drive
211,72,2024-05-29,Wednesday,08:34:59,09:26:59,Service
212,72,2024-05-22,Wednesday,16:23:57,16:58:57,Car Wash
213,72,2024-05-05,Sunday,08:36:35,09:25:35,Service
214,72,2024-05-27,Monday,12:33:10,14:02:10,Trade-In
215,72,2024-05-22,Wednesday,18:38:27,19:02:27,Car Wash
216,72,2024-05-24,Friday,11:40:45,13:38:45,Car Purchase
217,73,2024-05-20,Monday,13:54:57,15:26:57,Car Purchase
218,74,2024-05-11,Saturday,08:23:22,09:23:22,Service
219,75,2024-05-18,Saturday,08:50:52,09:37:52,Financing
220,75,2024-05-18,Saturday,19:50:46,22:12:46,Trade-In
221,76,2024-05-16,Thursday,16:07:51,16:57:51,Test Drive
222,77,2024-05-17,Friday,08:32:31,10:34:31,Car Purchase
223,78,2024-05-05,Sunday,14:15:49,14:33:49,Car Wash
224,79,2024-05-29,Wednesday,13:42:02,14:55:02,Financing
225,80,2024-05-16,Thursday,19:01:40,19:41:40,Test Drive
226,81,2024-05-24,Friday,16:29:46,16:51:46,Car Wash
227,81,2024-05-05,Sunday,08:14:36,09:31:36,Trade-In
228,81,2024-05-08,Wednesday,12:59:08,14:48:08,Car Purchase
229,81,2024-05-08,Wednesday,14:08:33,14:56:33,Test Drive
230,81,2024-05-04,Saturday,13:10:34,15:42:34,Car Purchase
231,81,2024-05-02,Thursday,10:58:37,12:14:37,Service
232,82,2024-05-08,Wednesday,08:54:33,09:42:33,Car Wash
233,83,2024-05-02,Thursday,17:12:55,17:55:55,Test Drive
234,84,2024-05-28,Tuesday,09:38:02,10:08:02,Car Wash
235,84,2024-05-27,Monday,13:28:38,14:11:38,Test Drive
236,84,2024-05-01,Wednesday,08:40:29,09:50:29,Service
237,84,2024-05-25,Saturday,16:21:30,17:07:30,Trade-In
238,84,2024-05-23,Thursday,17:09:35,18:53:35,Trade-In
239,85,2024-05-14,Tuesday,09:27:45,10:30:45,Service
240,86,2024-05-24,Friday,13:29:03,14:09:03,Test Drive
241,86,2024-05-23,Thursday,09:17:55,10:54:55,Car Purchase
242,86,2024-05-11,Saturday,16:11:48,17:24:48,Service
243,86,2024-05-26,Sunday,09:31:21,10:01:21,Car Wash
244,86,2024-05-23,Thursday,15:49:07,16:33:07,Test Drive
245,87,2024-05-29,Wednesday,19:10:56,21:34:56,Car Purchase
246,88,2024-05-19,Sunday,16:26:33,16:47:33,Car Wash
247,88,2024-05-13,Monday,10:48:05,11:20:05,Car Wash
248,88,2024-05-12,Sunday,10:36:16,12:09:16,Financing
249,88,2024-05-27,Monday,16:55:54,17:15:54,Test Drive
250,88,2024-05-23,Thursday,12:20:42,14:15:42,Car Purchase
251,88,2024-05-30,Thursday,16:20:19,17:21:19,Service
252,89,2024-05-12,Sunday,12:41:16,13:27:16,Test Drive
253,89,2024-05-09,Thursday,10:46:47,12:16:47,Financing
254,89,2024-05-14,Tuesday,10:43:40,11:19:40,Car Wash
255,89,2024-05-13,Monday,11:30:01,13:16:01,Car Purchase
256,90,2024-05-09,Thursday,13:10:53,13:54:53,Car Wash
257,91,2024-05-13,Monday,09:08:23,09:59:23,Test Drive
258,92,2024-05-04,Saturday,09:02:27,10:00:27,Trade-In
259,92,2024-05-22,Wednesday,13:00:35,14:22:35,Trade-In
260,92,2024-05-11,Saturday,10:12:56,12:01:56,Car Purchase
261,92,2024-05-15,Wednesday,12:09:45,12:56:45,Test Drive
262,93,2024-05-06,Monday,15:01:21,15:45:21,Car Wash
263,94,2024-05-12,Sunday,13:51:23,14:27:23,Test Drive
264,95,2024-05-25,Saturday,11:57:59,12:53:59,Test Drive
265,96,2024-05-16,Thursday,08:39:27,10:03:27,Financing
266,96,2024-05-27,Monday,13:52:41,15:43:41,Trade-In
267,96,2024-05-06,Monday,14:31:31,15:13:31,Test Drive
268,97,2024-05-01,Wednesday,14:57:06,15:28:06,Car Wash
269,98,2024-05-07,Tuesday,11:46:50,12:25:50,Car Wash
270,99,2024-05-11,Saturday,15:32:22,16:51:22,Car Purchase
271,99,2024-05-04,Saturday,15:02:28,15:24:28,Test Drive
272,99,2024-05-02,Thursday,09:27:12,09:47:12,Car Wash
273,99,2024-05-26,Sunday,15:08:54,15:46:54,Test Drive
274,100,2024-05-20,Monday,09:10:14,09:54:14,Test Drive
275,100,2024-05-26,Sunday,19:06:41,19:55:41,Service
276,100,2024-05-25,Saturday,17:58:44,19:30:44,Trade-In
277,100,2024-05-04,Saturday,19:10:42,19:40:42,Car Wash
278,100,2024-05-15,Wednesday,11:37:23,12:25:23,Test Drive
279,101,2024-05-14,Tuesday,09:25:48,10:14:48,Service
280,101,2024-05-20,Monday,11:40:10,13:01:10,Trade-In
281,101,2024-05-02,Thursday,17:20:45,18:29:45,Car Purchase
282,101,2024-05-06,Monday,13:17:13,14:55:13,Car Purchase
283,102,2024-05-30,Thursday,13:28:07,14:19:07,Service
284,103,2024-05-11,Saturday,19:32:16,20:01:16,Car Wash
285,103,2024-05-28,Tuesday,19:05:40,20:33:40,Trade-In
286,103,2024-05-03,Friday,19:47:55,20:20:55,Car Wash
287,103,2024-05-11,Saturday,12:24:17,13:09:17,Test Drive
288,104,2024-05-23,Thursday,13:53:17,14:57:17,Service
289,105,2024-05-27,Monday,09:16:42,10:46:42,Trade-In
290,106,2024-05-16,Thursday,09:33:54,10:51:54,Financing
291,106,2024-05-04,Saturday,08:42:38,10:20:38,Financing
292,106,2024-05-20,Monday,15:49:21,16:39:21,Test Drive
293,106,2024-05-04,Saturday,12:27:27,13:23:27,Test Drive
294,106,2024-05-11,Saturday,12:23:41,12:56:41,Car Wash
295,107,2024-05-27,Monday,13:36:26,14:10:26,Car Wash
296,107,2024-05-03,Friday,19:12:44,21:33:44,Car Purchase
297,107,2024-05-27,Monday,09:50:00,10:12:00,Car Wash
298,107,2024-05-29,Wednesday,14:48:02,16:01:02,Car Purchase
299,107,2024-05-17,Friday,14:26:25,16:00:25,Financing
300,107,2024-05-18,Saturday,11:28:19,11:59:19,Car Wash
301,107,2024-05-01,Wednesday,17:25:44,18:41:44,Service
302,108,2024-05-23,Thursday,17:58:10,19:12:10,Trade-In
303,108,2024-05-09,Thursday,11:04:10,12:10:10,Service
304,108,2024-05-21,Tuesday,10:11:25,10:58:25,Service
305,109,2024-05-23,Thursday,14:25:39,15:07:39,Test Drive
306,110,2024-05-14,Tuesday,11:22:41,12:29:41,Financing
307,111,2024-05-08,Wednesday,16:47:18,17:17:18,Test Drive
308,112,2024-05-14,Tuesday,19:45:56,20:48:56,Service
309,113,2024-05-01,Wednesday,10:46:23,12:29:23,Financing
310,113,2024-05-29,Wednesday,11:33:28,12:14:28,Test Drive
311,113,2024-05-25,Saturday,08:22:52,08:57:52,Test Drive
312,113,2024-05-23,Thursday,12:30:52,13:04:52,Car Wash
313,113,2024-05-10,Friday,15:06:38,15:44:38,Test Drive
314,113,2024-05-29,Wednesday,11:02:50,11:32:50,Car Wash
315,113,2024-05-19,Sunday,11:46:40,13:28:40,Car Purchase
316,113,2024-05-23,Thursday,17:49:29,18:24:29,Test Drive
317,113,2024-05-14,Tuesday,16:47:58,17:25:58,Car Wash
318,113,2024-05-04,Saturday,14:15:55,15:46:55,Trade-In
319,114,2024-05-16,Thursday,18:54:30,19:27:30,Test Drive
320,115,2024-05-27,Monday,09:08:16,09:54:16,Test Drive
321,116,2024-05-25,Saturday,18:20:36,19:08:36,Trade-In
322,116,2024-05-01,Wednesday,16:50:35,19:13:35,Car Purchase
323,116,2024-05-15,Wednesday,14:58:05,15:53:05,Trade-In
324,116,2024-05-23,Thursday,17:38:56,18:54:56,Trade-In
325,116,2024-05-13,Monday,13:05:19,13:29:19,Car Wash
326,116,2024-05-03,Friday,08:48:11,10:18:11,Trade-In
327,116,2024-05-17,Friday,10:25:14,11:26:14,Test Drive
328,116,2024-05-04,Saturday,09:48:18,10:15:18,Service
329,117,2024-05-01,Wednesday,09:54:03,10:41:03,Test Drive
330,118,2024-05-29,Wednesday,10:05:56,11:00:56,Service
331,118,2024-05-05,Sunday,18:15:05,18:40:05,Service
332,118,2024-05-16,Thursday,10:18:11,12:58:11,Car Purchase
333,119,2024-05-04,Saturday,19:22:01,19:53:01,Car Wash
334,120,2024-05-19,Sunday,16:36:07,17:23:07,Test Drive
335,121,2024-05-16,Thursday,14:18:50,14:59:50,Car Wash
336,121,2024-05-16,Thursday,15:59:32,18:57:32,Car Purchase
337,121,2024-05-27,Monday,19:16:05,20:00:05,Service
338,121,2024-05-25,Saturday,19:13:04,19:31:04,Car Wash
339,122,2024-05-16,Thursday,16:18:21,17:56:21,Car Purchase
340,122,2024-05-02,Thursday,14:03:32,14:42:32,Car Wash
341,122,2024-05-14,Tuesday,14:18:53,15:14:53,Test Drive
342,122,2024-05-20,Monday,15:17:09,16:38:09,Service
343,122,2024-05-10,Friday,08:01:05,08:45:05,Test Drive
344,123,2024-05-28,Tuesday,16:04:17,16:59:17,Service
345,124,2024-05-12,Sunday,14:58:02,15:24:02,Test Drive
346,125,2024-05-25,Saturday,10:15:01,10:35:01,Car Wash
347,126,2024-05-11,Saturday,14:38:26,15:10:26,Car Wash
348,127,2024-05-06,Monday,11:26:40,13:28:40,Car Purchase
349,128,2024-05-15,Wednesday,09:29:52,12:19:52,Car Purchase
350,128,2024-05-03,Friday,13:14:26,15:54:26,Car Purchase
351,128,2024-05-09,Thursday,18:35:58,19:28:58,Test Drive
352,128,2024-05-29,Wednesday,11:00:18,12:23:18,Service
353,129,2024-05-27,Monday,15:21:35,17:37:35,Car Purchase
354,129,2024-05-25,Saturday,19:00:48,20:05:48,Service
355,129,2024-05-19,Sunday,08:09:35,09:40:35,Financing
356,129,2024-05-14,Tuesday,17:31:31,18:41:31,Service
357,129,2024-05-27,Monday,13:49:34,14:18:34,Car Wash
358,129,2024-05-21,Tuesday,16:27:46,17:33:46,Test Drive
359,129,2024-05-26,Sunday,10:55:27,11:41:27,Car Wash
360,130,2024-05-25,Saturday,16:41:49,17:33:49,Service
361,130,2024-05-15,Wednesday,08:56:45,09:44:45,Test Drive
362,130,2024-05-16,Thursday,09:39:10,10:14:10,Car Wash
363,130,2024-05-11,Saturday,09:29:47,10:39:47,Service
364,130,2024-05-18,Saturday,13:18:35,14:02:35,Car Wash
365,130,2024-05-10,Friday,13:00:54,13:51:54,Trade-In
366,131,2024-05-14,Tuesday,15:50:45,16:37:45,Test Drive
367,131,2024-05-25,Saturday,14:48:59,16:21:59,Financing
368,131,2024-05-22,Wednesday,12:08:17,13:53:17,Financing
369,131,2024-05-11,Saturday,18:59:37,20:05:37,Test Drive
370,131,2024-05-04,Saturday,09:59:42,10:47:42,Service
371,131,2024-05-25,Saturday,11:21:06,12:31:06,Trade-In
372,131,2024-05-22,Wednesday,15:03:27,16:09:27,Car Purchase
373,132,2024-05-18,Saturday,16:00:37,17:45:37,Car Purchase
374,133,2024-05-16,Thursday,12:48:09,13:32:09,Car Wash
375,134,2024-05-15,Wednesday,11:18:34,12:55:34,Trade-In
376,134,2024-05-01,Wednesday,11:11:59,12:25:59,Service
377,135,2024-05-29,Wednesday,17:51:23,18:26:23,Service
378,135,2024-05-23,Thursday,14:31:04,15:19:04,Test Drive
379,136,2024-05-07,Tuesday,08:48:20,09:18:20,Car Wash
380,136,2024-05-06,Monday,10:44:34,11:06:34,Test Drive
381,136,2024-05-23,Thursday,08:11:22,08:55:22,Car Wash
382,136,2024-05-30,Thursday,16:21:08,17:53:08,Financing
383,136,2024-05-14,Tuesday,11:46:47,13:16:47,Car Purchase
384,137,2024-05-17,Friday,14:39:20,16:55:20,Car Purchase
385,137,2024-05-22,Wednesday,13:32:29,14:18:29,Test Drive
386,137,2024-05-11,Saturday,17:50:13,20:42:13,Car Purchase
387,137,2024-05-02,Thursday,16:41:27,19:14:27,Car Purchase
388,138,2024-05-07,Tuesday,14:46:53,15:34:53,Car Wash
389,139,2024-05-24,Friday,15:42:08,16:23:08,Car Wash
390,139,2024-05-30,Thursday,08:18:02,09:06:02,Service
391,139,2024-05-18,Saturday,09:50:12,10:26:12,Test Drive
392,139,2024-05-02,Thursday,08:52:28,09:42:28,Test Drive
393,139,2024-05-13,Monday,12:25:48,13:25:48,Service
394,139,2024-05-26,Sunday,08:38:52,09:26:52,Test Drive
395,139,2024-05-27,Monday,10:14:28,11:09:28,Test Drive
396,140,2024-05-26,Sunday,19:15:24,20:19:24,Service
397,141,2024-05-29,Wednesday,16:21:15,17:16:15,Test Drive
398,142,2024-05-12,Sunday,10:53:40,11:31:40,Car Wash
399,143,2024-05-09,Thursday,10:10:52,11:29:52,Service
400,143,2024-05-25,Saturday,15:17:50,16:17:50,Service
401,144,2024-05-08,Wednesday,11:14:27,11:30:27,Car Wash
402,145,2024-05-17,Friday,09:01:12,09:59:12,Service
403,146,2024-05-19,Sunday,10:53:13,11:19:13,Test Drive
404,147,2024-05-27,Monday,14:03:58,15:45:58,Financing
405,148,2024-05-27,Monday,18:01:48,19:28:48,Financing
406,149,2024-05-28,Tuesday,09:55:14,11:17:14,Financing
407,150,2024-05-26,Sunday,12:47:44,13:57:44,Car Purchase
408,150,2024-05-26,Sunday,11:16:34,12:04:34,Car Wash
409,150,2024-05-07,Tuesday,19:08:27,20:07:27,Test Drive
410,150,2024-05-26,Sunday,08:15:22,09:58:22,Financing
411,150,2024-05-10,Friday,12:52:21,14:14:21,Service
412,150,2024-05-12,Sunday,17:12:10,17:53:10,Test Drive
413,151,2024-05-08,Wednesday,18:01:29,18:24:29,Car Wash
414,152,2024-05-10,Friday,19:10:14,20:09:14,Trade-In
415,152,2024-05-19,Sunday,17:22:17,18:06:17,Service
416,152,2024-05-17,Friday,13:56:46,15:20:46,Trade-In
417,153,2024-05-30,Thursday,19:20:57,20:07:57,Service
418,154,2024-05-27,Monday,11:06:21,11:43:21,Car Wash
419,155,2024-05-23,Thursday,14:05:23,16:23:23,Car Purchase
420,155,2024-05-05,Sunday,11:11:32,13:26:32,Car Purchase
421,155,2024-05-24,Friday,09:47:05,10:52:05,Service
422,155,2024-05-14,Tuesday,18:55:39,19:31:39,Service
423,155,2024-05-18,Saturday,09:07:10,10:10:10,Test Drive
424,155,2024-05-29,Wednesday,13:47:26,14:24:26,Test Drive
425,155,2024-05-29,Wednesday,17:02:44,18:45:44,Trade-In
426,156,2024-05-15,Wednesday,08:34:51,09:21:51,Service
427,157,2024-05-30,Thursday,19:47:52,20:29:52,Test Drive
428,157,2024-05-06,Monday,15:49:48,16:29:48,Car Wash
429,158,2024-05-16,Thursday,12:20:09,13:15:09,Test Drive
430,159,2024-05-04,Saturday,10:42:01,12:52:01,Financing
431,160,2024-05-19,Sunday,14:23:10,15:02:10,Service
432,160,2024-05-23,Thursday,19:04:58,19:43:58,Test Drive
433,160,2024-05-22,Wednesday,08:41:19,10:04:19,Financing
434,160,2024-05-14,Tuesday,18:31:10,18:52:10,Trade-In
435,160,2024-05-24,Friday,14:10:20,15:04:20,Test Drive
436,160,2024-05-23,Thursday,16:58:24,17:52:24,Service
437,161,2024-05-07,Tuesday,11:00:14,11:48:14,Service
438,161,2024-05-22,Wednesday,13:49:46,14:14:46,Car Wash
439,161,2024-05-08,Wednesday,13:19:29,14:16:29,Service
440,161,2024-05-28,Tuesday,15:25:29,16:19:29,Trade-In
441,161,2024-05-02,Thursday,11:53:25,12:49:25,Test Drive
442,161,2024-05-12,Sunday,15:42:21,16:46:21,Service
443,161,2024-05-23,Thursday,18:06:15,19:09:15,Service
444,161,2024-05-15,Wednesday,15:47:26,16:39:26,Test Drive
445,162,2024-05-03,Friday,10:19:36,11:12:36,Test Drive
446,162,2024-05-15,Wednesday,14:56:07,16:03:07,Trade-In
447,162,2024-05-28,Tuesday,14:52:54,16:03:54,Trade-In
448,162,2024-05-17,Friday,17:29:28,19:05:28,Financing
449,162,2024-05-12,Sunday,17:33:58,19:13:58,Car Purchase
450,162,2024-05-06,Monday,15:09:31,16:06:31,Service
451,162,2024-05-08,Wednesday,18:45:07,18:57:07,Car Wash
452,162,2024-05-24,Friday,19:09:38,19:34:38,Car Wash
453,162,2024-05-04,Saturday,12:25:21,13:27:21,Financing
454,162,2024-05-18,Saturday,13:23:55,14:22:55,Trade-In
455,163,2024-05-28,Tuesday,12:37:09,13:39:09,Car Purchase
456,163,2024-05-14,Tuesday,15:34:43,16:31:43,Service
457,163,2024-05-23,Thursday,17:56:54,18:17:54,Car Wash
458,163,2024-05-24,Friday,09:08:21,11:07:21,Car Purchase
459,163,2024-05-08,Wednesday,08:14:41,09:17:41,Test Drive
460,163,2024-05-23,Thursday,14:12:16,14:50:16,Car Wash
461,163,2024-05-09,Thursday,19:43:37,20:02:37,Test Drive
462,164,2024-05-07,Tuesday,16:34:47,17:38:47,Test Drive
463,165,2024-05-25,Saturday,15:12:44,16:31:44,Financing
464,165,2024-05-05,Sunday,13:18:12,13:58:12,Trade-In
465,165,2024-05-04,Saturday,19:38:07,21:11:07,Service
466,165,2024-05-27,Monday,13:37:55,15:03:55,Financing
467,165,2024-05-13,Monday,13:33:15,13:53:15,Car Wash
468,166,2024-05-29,Wednesday,13:07:54,13:29:54,Car Wash
469,167,2024-05-03,Friday,17:02:58,17:56:58,Service
470,167,2024-05-27,Monday,12:51:24,13:11:24,Car Wash
471,167,2024-05-20,Monday,14:21:03,16:25:03,Car Purchase
472,167,2024-05-10,Friday,09:48:19,10:57:19,Car Purchase
473,167,2024-05-01,Wednesday,08:23:57,09:37:57,Financing
474,167,2024-05-27,Monday,14:45:07,15:06:07,Car Wash
475,167,2024-05-07,Tuesday,12:48:27,13:20:27,Car Wash
476,167,2024-05-16,Thursday,14:01:53,14:44:53,Test Drive
477,168,2024-05-30,Thursday,09:12:42,10:04:42,Service
478,169,2024-05-21,Tuesday,14:16:39,16:57:39,Car Purchase
479,170,2024-05-12,Sunday,12:22:51,12:48:51,Car Wash
480,170,2024-05-25,Saturday,11:08:53,11:58:53,Car Wash
481,170,2024-05-16,Thursday,16:31:14,18:03:14,Trade-In
482,170,2024-05-13,Monday,16:56:07,18:41:07,Financing
483,170,2024-05-08,Wednesday,17:50:10,18:15:10,Car Wash
484,170,2024-05-17,Friday,08:31:57,09:14:57,Service
485,170,2024-05-06,Monday,13:49:37,14:41:37,Test Drive
486,170,2024-05-19,Sunday,13:07:40,15:10:40,Car Purchase
487,170,2024-05-21,Tuesday,10:01:39,10:14:39,Car Wash
488,170,2024-05-28,Tuesday,18:16:05,19:22:05,Trade-In
489,171,2024-05-23,Thursday,12:50:51,14:03:51,Service
490,171,2024-05-26,Sunday,08:42:35,09:22:35,Test Drive
491,171,2024-05-14,Tuesday,10:57:59,12:34:59,Trade-In
492,171,2024-05-08,Wednesday,15:58:27,16:42:27,Car Wash
493,172,2024-05-12,Sunday,15:23:15,16:02:15,Car Wash
494,172,2024-05-06,Monday,19:26:08,20:19:08,Service
495,172,2024-05-23,Thursday,16:33:02,16:52:02,Car Wash
496,172,2024-05-30,Thursday,13:41:08,14:20:08,Car Wash
497,172,2024-05-03,Friday,15:04:02,15:53:02,Test Drive
498,172,2024-05-16,Thursday,08:14:34,09:14:34,Test Drive
499,173,2024-05-02,Thursday,14:30:49,14:50:49,Car Wash
500,174,2024-05-23,Thursday,11:22:47,13:16:47,Trade-In
501,175,2024-05-30,Thursday,10:57:20,11:33:20,Test Drive
502,175,2024-05-17,Friday,11:21:20,12:11:20,Service
503,175,2024-05-15,Wednesday,17:57:45,18:23:45,Test Drive
504,175,2024-05-14,Tuesday,16:20:23,17:24:23,Service
505,175,2024-05-16,Thursday,19:46:22,20:25:22,Car Wash
506,176,2024-05-18,Saturday,12:27:34,13:28:34,Service
507,177,2024-05-18,Saturday,17:24:51,18:34:51,Service
508,178,2024-05-23,Thursday,18:04:57,20:12:57,Car Purchase
509,179,2024-05-13,Monday,13:28:04,14:12:04,Service
510,179,2024-05-16,Thursday,09:00:39,10:57:39,Car Purchase
511,179,2024-05-12,Sunday,14:25:12,16:37:12,Car Purchase
512,179,2024-05-29,Wednesday,13:27:57,14:58:57,Service
513,179,2024-05-20,Monday,16:11:00,16:50:00,Test Drive
514,179,2024-05-08,Wednesday,12:46:00,14:07:00,Financing
515,179,2024-05-21,Tuesday,08:21:37,08:32:37,Car Wash
516,179,2024-05-16,Thursday,15:46:16,16:41:16,Test Drive
517,179,2024-05-06,Monday,10:45:13,10:59:13,Car Wash
518,180,2024-05-29,Wednesday,13:26:12,13:59:12,Financing
519,180,2024-05-06,Monday,12:21:57,13:59:57,Financing
520,180,2024-05-25,Saturday,09:25:46,10:08:46,Test Drive
521,180,2024-05-18,Saturday,09:03:16,10:10:16,Financing
522,180,2024-05-14,Tuesday,14:43:54,15:56:54,Trade-In
523,180,2024-05-20,Monday,11:34:31,12:49:31,Service
524,180,2024-05-12,Sunday,15:23:16,17:09:16,Trade-In
525,181,2024-05-04,Saturday,13:57:13,14:41:13,Test Drive
526,182,2024-05-15,Wednesday,11:39:58,12:14:58,Car Wash
527,183,2024-05-02,Thursday,10:53:07,12:55:07,Car Purchase
528,184,2024-05-11,Saturday,16:38:44,17:15:44,Service
529,184,2024-05-07,Tuesday,17:56:15,18:40:15,Test Drive
530,184,2024-05-10,Friday,13:17:49,14:34:49,Financing
531,184,2024-05-11,Saturday,14:04:29,15:28:29,Service
532,184,2024-05-26,Sunday,19:03:28,19:55:28,Service
533,184,2024-05-08,Wednesday,17:31:08,19:04:08,Trade-In
534,185,2024-05-20,Monday,13:47:55,14:12:55,Car Wash
535,185,2024-05-05,Sunday,13:55:05,16:40:05,Car Purchase
536,185,2024-05-01,Wednesday,11:21:47,12:37:47,Financing
537,185,2024-05-09,Thursday,19:11:22,20:33:22,Service
538,186,2024-05-18,Saturday,08:58:40,09:54:40,Service
539,186,2024-05-23,Thursday,16:27:33,16:55:33,Car Wash
540,186,2024-05-16,Thursday,16:09:13,16:14:13,Car Wash
541,186,2024-05-09,Thursday,16:13:34,16:56:34,Service
542,186,2024-05-02,Thursday,17:34:10,18:53:10,Service
543,187,2024-05-02,Thursday,19:56:41,21:44:41,Car Purchase
544,187,2024-05-27,Monday,18:15:48,19:24:48,Trade-In
545,187,2024-05-16,Thursday,13:56:43,16:09:43,Car Purchase
546,187,2024-05-15,Wednesday,17:11:59,17:47:59,Car Wash
547,187,2024-05-27,Monday,18:26:14,19:56:14,Financing
548,187,2024-05-07,Tuesday,14:45:39,15:19:39,Car Wash
549,187,2024-05-29,Wednesday,08:55:35,09:13:35,Car Wash
550,188,2024-05-05,Sunday,17:15:35,17:56:35,Test Drive
551,188,2024-05-30,Thursday,14:15:13,15:27:13,Service
552,188,2024-05-13,Monday,11:59:36,12:40:36,Test Drive
553,188,2024-05-20,Monday,10:12:41,11:16:41,Test Drive
554,188,2024-05-05,Sunday,18:54:51,19:22:51,Car Wash
555,188,2024-05-02,Thursday,13:31:15,14:18:15,Service
556,188,2024-05-22,Wednesday,11:29:44,12:11:44,Car Wash
557,189,2024-05-22,Wednesday,11:21:51,11:44:51,Car Wash
558,189,2024-05-04,Saturday,16:38:50,17:30:50,Test Drive
559,189,2024-05-25,Saturday,11:08:31,12:53:31,Financing
560,189,2024-05-18,Saturday,12:19:22,12:52:22,Test Drive
561,189,2024-05-29,Wednesday,19:33:12,20:32:12,Test Drive
562,190,2024-05-10,Friday,14:03:18,15:00:18,Trade-In
563,190,2024-05-21,Tuesday,10:30:52,11:12:52,Car Wash
564,190,2024-05-27,Monday,11:09:01,11:46:01,Test Drive
565,190,2024-05-16,Thursday,14:52:30,15:52:30,Service
566,190,2024-05-01,Wednesday,18:54:20,20:00:20,Test Drive
567,191,2024-05-02,Thursday,17:23:03,18:14:03,Test Drive
568,191,2024-05-26,Sunday,18:39:49,19:01:49,Car Wash
569,191,2024-05-10,Friday,18:48:53,19:41:53,Service
570,191,2024-05-16,Thursday,09:59:53,11:12:53,Service
571,191,2024-05-29,Wednesday,17:59:41,19:12:41,Service
572,192,2024-05-13,Monday,15:40:53,16:02:53,Car Wash
573,192,2024-05-11,Saturday,18:40:15,19:20:15,Car Wash
574,192,2024-05-26,Sunday,16:01:11,16:34:11,Car Wash
575,193,2024-05-25,Saturday,09:47:19,10:13:19,Car Wash
576,194,2024-05-02,Thursday,08:50:59,09:49:59,Service
577,195,2024-05-25,Saturday,09:28:14,10:35:14,Test Drive
578,196,2024-05-28,Tuesday,11:38:23,12:55:23,Trade-In
579,197,2024-05-24,Friday,09:57:11,11:51:11,Financing
580,198,2024-05-06,Monday,11:44:35,13:49:35,Car Purchase
581,198,2024-05-13,Monday,11:19:17,11:48:17,Test Drive
582,198,2024-05-23,Thursday,18:15:58,19:28:58,Service
583,198,2024-05-07,Tuesday,13:11:15,14:14:15,Trade-In
584,198,2024-05-23,Thursday,14:45:31,15:26:31,Test Drive
585,198,2024-05-12,Sunday,09:04:44,09:48:44,Test Drive
586,198,2024-05-23,Thursday,15:58:13,16:50:13,Test Drive
587,198,2024-05-22,Wednesday,14:31:39,15:52:39,Car Purchase
588,199,2024-05-20,Monday,10:04:08,10:41:08,Test Drive
589,200,2024-05-02,Thursday,12:59:26,13:52:26,Service
590,200,2024-05-23,Thursday,08:19:43,09:00:43,Car Wash
591,200,2024-05-26,Sunday,10:19:45,13:01:45,Car Purchase
592,200,2024-05-26,Sunday,12:46:00,13:26:00,Financing
593,200,2024-05-29,Wednesday,10:32:02,12:26:02,Financing
594,200,2024-05-05,Sunday,18:43:11,19:39:11,Test Drive
595,201,2024-05-19,Sunday,13:18:37,14:29:37,Service
596,201,2024-05-11,Saturday,19:56:21,21:37:21,Car Purchase
597,201,2024-05-11,Saturday,10:07:51,10:51:51,Car Wash
598,201,2024-05-26,Sunday,10:25:22,11:24:22,Service
599,202,2024-05-19,Sunday,14:50:11,15:37:11,Service
600,202,2024-05-23,Thursday,18:25:41,19:26:41,Service
601,203,2024-05-06,Monday,11:37:48,12:21:48,Test Drive
602,204,2024-05-01,Wednesday,10:39:07,11:30:07,Service
603,204,2024-05-11,Saturday,14:03:24,14:50:24,Service
604,204,2024-05-06,Monday,19:42:50,20:40:50,Test Drive
605,204,2024-05-22,Wednesday,11:10:31,12:09:31,Trade-In
606,204,2024-05-14,Tuesday,17:10:27,18:07:27,Test Drive
607,205,2024-05-28,Tuesday,18:46:56,19:55:56,Trade-In
608,205,2024-05-22,Wednesday,10:32:35,11:55:35,Financing
609,205,2024-05-03,Friday,11:28:44,11:57:44,Car Wash
610,205,2024-05-24,Friday,16:50:37,17:12:37,Car Wash
611,205,2024-05-20,Monday,17:37:22,18:52:22,Financing
612,206,2024-05-07,Tuesday,13:16:17,14:45:17,Service
613,206,2024-05-16,Thursday,09:37:26,10:01:26,Car Wash
614,206,2024-05-01,Wednesday,19:52:59,20:14:59,Car Wash
615,206,2024-05-26,Sunday,11:00:06,11:21:06,Car Wash
616,207,2024-05-09,Thursday,10:07:23,11:17:23,Service
617,207,2024-05-27,Monday,16:17:27,17:04:27,Service
618,207,2024-05-16,Thursday,10:46:58,11:16:58,Car Wash
619,207,2024-05-16,Thursday,17:47:38,18:35:38,Service
620,207,2024-05-30,Thursday,13:10:01,14:12:01,Service
621,207,2024-05-21,Tuesday,14:00:57,15:07:57,Service
622,207,2024-05-26,Sunday,13:05:43,14:36:43,Trade-In
623,207,2024-05-30,Thursday,12:29:56,14:42:56,Car Purchase
624,207,2024-05-10,Friday,12:11:53,12:40:53,Trade-In
625,208,2024-05-12,Sunday,14:28:32,15:40:32,Service
626,208,2024-05-21,Tuesday,09:51:38,10:45:38,Service
627,208,2024-05-11,Saturday,09:43:37,11:15:37,Financing
628,208,2024-05-01,Wednesday,19:58:30,20:22:30,Car Wash
629,208,2024-05-17,Friday,09:28:23,10:16:23,Test Drive
630,208,2024-05-12,Sunday,13:41:24,14:59:24,Service
631,208,2024-05-28,Tuesday,10:54:48,12:21:48,Financing
632,208,2024-05-13,Monday,13:31:04,14:32:04,Service
633,209,2024-05-10,Friday,18:38:57,19:40:57,Service
634,210,2024-05-29,Wednesday,18:46:02,21:33:02,Car Purchase
635,211,2024-05-06,Monday,19:46:37,21:31:37,Car Purchase
636,212,2024-05-19,Sunday,10:07:07,10:48:07,Service
637,212,2024-05-21,Tuesday,10:44:07,11:29:07,Test Drive
638,212,2024-05-13,Monday,10:47:08,11:29:08,Service
639,213,2024-05-05,Sunday,19:00:09,20:02:09,Service
640,213,2024-05-14,Tuesday,15:55:48,16:48:48,Trade-In
641,213,2024-05-26,Sunday,16:35:56,18:32:56,Car Purchase
642,213,2024-05-06,Monday,12:42:24,14:39:24,Car Purchase
643,213,2024-05-18,Saturday,18:59:56,21:28:56,Car Purchase
644,213,2024-05-24,Friday,18:31:46,19:27:46,Car Purchase
645,213,2024-05-04,Saturday,16:33:47,18:22:47,Financing
646,213,2024-05-08,Wednesday,13:15:23,15:11:23,Trade-In
647,214,2024-05-25,Saturday,11:53:17,12:09:17,Car Wash
648,214,2024-05-02,Thursday,17:54:44,18:33:44,Test Drive
649,214,2024-05-11,Saturday,10:34:38,11:20:38,Service
650,214,2024-05-14,Tuesday,13:44:43,14:00:43,Car Wash
651,214,2024-05-22,Wednesday,14:55:53,16:15:53,Service
652,215,2024-05-12,Sunday,14:27:27,15:04:27,Car Wash
653,215,2024-05-20,Monday,08:36:25,09:24:25,Test Drive
654,215,2024-05-03,Friday,15:15:37,15:49:37,Trade-In
655,216,2024-05-16,Thursday,19:47:34,21:20:34,Financing
656,216,2024-05-14,Tuesday,15:43:54,17:13:54,Financing
657,217,2024-05-11,Saturday,18:22:31,20:09:31,Trade-In
658,217,2024-05-11,Saturday,09:22:14,10:28:14,Financing
659,217,2024-05-13,Monday,19:17:23,22:34:23,Car Purchase
660,217,2024-05-08,Wednesday,10:41:06,11:20:06,Service
661,217,2024-05-09,Thursday,12:44:56,13:12:56,Test Drive
662,217,2024-05-26,Sunday,15:47:44,16:36:44,Test Drive
663,217,2024-05-21,Tuesday,19:16:27,20:10:27,Service
664,217,2024-05-25,Saturday,17:49:40,18:39:40,Service
665,217,2024-05-13,Monday,18:13:01,19:27:01,Service
666,217,2024-05-23,Thursday,12:34:32,13:35:32,Trade-In
667,218,2024-05-29,Wednesday,15:44:34,18:09:34,Car Purchase
668,218,2024-05-04,Saturday,16:44:48,17:50:48,Test Drive
669,218,2024-05-02,Thursday,10:22:18,11:16:18,Test Drive
670,218,2024-05-22,Wednesday,10:08:00,11:10:00,Service
671,218,2024-05-08,Wednesday,14:17:33,15:39:33,Financing
672,219,2024-05-13,Monday,13:20:57,14:13:57,Service
673,220,2024-05-10,Friday,17:29:56,17:55:56,Car Wash
674,221,2024-05-28,Tuesday,15:51:08,16:24:08,Car Wash
675,222,2024-05-13,Monday,16:25:03,17:39:03,Service
676,222,2024-05-15,Wednesday,10:56:51,11:22:51,Car Wash
677,222,2024-05-15,Wednesday,09:28:12,10:23:12,Test Drive
678,222,2024-05-13,Monday,17:30:40,19:46:40,Car Purchase
679,222,2024-05-03,Friday,12:41:12,13:23:12,Test Drive
680,222,2024-05-13,Monday,19:36:09,20:10:09,Car Wash
681,222,2024-05-22,Wednesday,15:59:22,17:19:22,Trade-In
682,223,2024-05-07,Tuesday,12:22:28,13:01:28,Test Drive
683,223,2024-05-25,Saturday,09:19:43,09:55:43,Car Wash
684,223,2024-05-13,Monday,09:24:12,11:46:12,Car Purchase
685,224,2024-05-03,Friday,17:34:17,19:31:17,Financing
686,225,2024-05-20,Monday,12:18:21,12:56:21,Car Wash
687,225,2024-05-16,Thursday,15:40:03,16:53:03,Financing
688,225,2024-05-12,Sunday,14:34:54,15:12:54,Test Drive
689,225,2024-05-30,Thursday,10:48:24,13:25:24,Car Purchase
690,225,2024-05-22,Wednesday,15:50:07,16:48:07,Test Drive
691,225,2024-05-17,Friday,14:26:09,16:15:09,Car Purchase
692,225,2024-05-25,Saturday,13:23:17,14:33:17,Test Drive
693,226,2024-05-17,Friday,15:10:25,16:07:25,Trade-In
694,227,2024-05-30,Thursday,09:27:02,10:09:02,Car Wash
695,227,2024-05-16,Thursday,12:53:55,13:22:55,Car Wash
696,227,2024-05-27,Monday,15:50:19,16:18:19,Car Wash
697,227,2024-05-13,Monday,08:28:07,09:04:07,Car Wash
698,228,2024-05-04,Saturday,10:58:02,12:06:02,Service
699,229,2024-05-27,Monday,13:06:43,13:36:43,Car Wash
700,230,2024-05-27,Monday,18:41:52,19:09:52,Car Wash
701,231,2024-05-27,Monday,08:34:47,09:55:47,Service
702,231,2024-05-03,Friday,11:46:34,12:12:34,Test Drive
703,231,2024-05-17,Friday,19:23:51,20:20:51,Test Drive
704,231,2024-05-18,Saturday,13:13:49,13:53:49,Car Wash
705,232,2024-05-04,Saturday,14:07:14,16:09:14,Car Purchase
706,233,2024-05-15,Wednesday,16:33:23,17:04:23,Car Wash
707,234,2024-05-02,Thursday,19:13:56,20:31:56,Trade-In
708,235,2024-05-18,Saturday,13:06:28,15:09:28,Car Purchase
709,235,2024-05-14,Tuesday,15:26:53,17:19:53,Car Purchase
710,235,2024-05-05,Sunday,16:55:29,18:05:29,Financing
711,236,2024-05-03,Friday,12:15:49,14:12:49,Financing
712,236,2024-05-17,Friday,18:16:15,18:57:15,Test Drive
713,236,2024-05-02,Thursday,13:16:38,13:46:38,Car Wash
714,236,2024-05-05,Sunday,11:15:50,12:16:50,Test Drive
715,237,2024-05-25,Saturday,09:08:42,10:56:42,Car Purchase
716,237,2024-05-22,Wednesday,13:33:54,14:04:54,Test Drive
717,237,2024-05-07,Tuesday,08:32:00,09:22:00,Test Drive
718,237,2024-05-04,Saturday,09:26:42,11:37:42,Car Purchase
719,238,2024-05-23,Thursday,11:59:05,12:34:05,Test Drive
720,238,2024-05-02,Thursday,14:49:41,15:26:41,Car Wash
721,238,2024-05-22,Wednesday,08:36:42,08:58:42,Car Wash
722,238,2024-05-10,Friday,08:14:17,09:01:17,Test Drive
723,239,2024-05-24,Friday,09:41:06,10:28:06,Test Drive
724,240,2024-05-22,Wednesday,17:00:03,17:44:03,Test Drive
725,241,2024-05-27,Monday,19:41:50,20:41:50,Trade-In
726,241,2024-05-06,Monday,11:23:26,14:02:26,Car Purchase
727,241,2024-05-24,Friday,14:18:21,15:46:21,Car Purchase
728,241,2024-05-23,Thursday,19:34:29,20:22:29,Service
729,242,2024-05-01,Wednesday,09:54:57,11:29:57,Financing
730,242,2024-05-14,Tuesday,14:24:14,15:10:14,Car Wash
731,242,2024-05-19,Sunday,16:43:33,17:31:33,Test Drive
732,242,2024-05-29,Wednesday,08:51:20,09:27:20,Test Drive
733,242,2024-05-12,Sunday,18:53:39,20:01:39,Service
734,242,2024-05-28,Tuesday,08:35:09,09:00:09,Car Wash
735,242,2024-05-12,Sunday,09:45:44,10:45:44,Service
736,243,2024-05-14,Tuesday,14:31:18,16:05:18,Financing
737,243,2024-05-12,Sunday,13:21:31,14:03:31,Test Drive
738,243,2024-05-01,Wednesday,13:46:52,14:48:52,Financing
739,243,2024-05-01,Wednesday,14:22:25,15:39:25,Financing
740,244,2024-05-15,Wednesday,19:26:25,20:02:25,Car Wash
741,244,2024-05-27,Monday,16:04:01,16:56:01,Test Drive
742,244,2024-05-01,Wednesday,14:37:54,15:26:54,Test Drive
743,244,2024-05-03,Friday,14:28:33,16:29:33,Financing
744,244,2024-05-09,Thursday,14:06:02,15:33:02,Financing
745,244,2024-05-09,Thursday,08:13:51,09:02:51,Test Drive
746,245,2024-05-07,Tuesday,17:06:25,17:53:25,Test Drive
747,245,2024-05-17,Friday,08:09:50,09:02:50,Service
748,245,2024-05-10,Friday,10:11:55,10:52:55,Car Wash
749,245,2024-05-28,Tuesday,08:45:58,10:09:58,Service
750,245,2024-05-02,Thursday,11:49:06,12:35:06,Test Drive
751,246,2024-05-26,Sunday,08:10:09,09:32:09,Financing
752,247,2024-05-16,Thursday,18:52:37,19:23:37,Test Drive
753,248,2024-05-01,Wednesday,08:23:36,08:38:36,Car Wash
754,249,2024-05-25,Saturday,19:23:08,20:10:08,Test Drive
755,250,2024-05-30,Thursday,15:57:10,17:30:10,Financing
756,250,2024-05-18,Saturday,14:28:23,14:48:23,Car Wash
757,250,2024-05-20,Monday,12:44:17,14:55:17,Car Purchase
758,250,2024-05-14,Tuesday,08:28:30,10:46:30,Car Purchase
759,250,2024-05-15,Wednesday,18:43:08,22:03:08,Car Purchase
760,250,2024-05-27,Monday,19:36:54,21:07:54,Financing
761,250,2024-05-26,Sunday,19:48:17,20:45:17,Service
762,251,2024-05-03,Friday,09:32:41,10:24:41,Test Drive
763,252,2024-05-24,Friday,10:42:48,11:32:48,Service
764,252,2024-05-03,Friday,15:51:35,16:18:35,Test Drive
765,253,2024-05-16,Thursday,15:53:00,17:40:00,Trade-In
766,253,2024-05-10,Friday,13:15:15,15:36:15,Car Purchase
767,253,2024-05-16,Thursday,11:15:06,12:30:06,Financing
768,253,2024-05-11,Saturday,17:25:13,18:22:13,Test Drive
769,254,2024-05-03,Friday,11:03:25,11:31:25,Car Wash
770,254,2024-05-14,Tuesday,19:29:48,21:22:48,Trade-In
771,254,2024-05-24,Friday,09:43:25,10:46:25,Test Drive
772,254,2024-05-16,Thursday,11:39:01,12:42:01,Service
773,254,2024-05-17,Friday,19:01:19,20:19:19,Car Purchase
774,254,2024-05-14,Tuesday,10:54:11,11:27:11,Test Drive
775,254,2024-05-19,Sunday,09:43:45,10:25:45,Test Drive
776,254,2024-05-04,Saturday,13:17:11,13:57:11,Car Wash
777,254,2024-05-08,Wednesday,14:31:47,15:00:47,Test Drive
778,254,2024-05-20,Monday,18:52:42,20:07:42,Service
779,255,2024-05-15,Wednesday,10:57:04,13:38:04,Car Purchase
780,255,2024-05-05,Sunday,16:14:02,16:57:02,Service
781,255,2024-05-08,Wednesday,17:23:34,17:59:34,Car Wash
782,255,2024-05-23,Thursday,17:11:37,17:22:37,Car Wash
783,255,2024-05-30,Thursday,10:00:11,10:50:11,Service
784,256,2024-05-10,Friday,09:41:20,11:51:20,Car Purchase
785,257,2024-05-02,Thursday,13:07:50,14:08:50,Service
786,257,2024-05-25,Saturday,19:08:01,20:09:01,Service
787,257,2024-05-10,Friday,12:19:47,13:22:47,Service
788,257,2024-05-29,Wednesday,17:11:13,17:20:13,Car Wash
789,258,2024-05-12,Sunday,09:29:38,10:21:38,Test Drive
790,258,2024-05-23,Thursday,14:08:00,14:59:00,Test Drive
791,258,2024-05-22,Wednesday,19:09:54,19:55:54,Test Drive
792,258,2024-05-06,Monday,08:50:49,10:54:49,Car Purchase
793,258,2024-05-21,Tuesday,15:05:20,15:46:20,Car Wash
794,258,2024-05-07,Tuesday,15:32:58,15:50:58,Car Wash
795,259,2024-05-12,Sunday,17:26:09,18:08:09,Test Drive
796,260,2024-05-20,Monday,17:31:41,18:55:41,Service
797,260,2024-05-18,Saturday,08:36:33,09:53:33,Service
798,260,2024-05-19,Sunday,09:53:17,10:49:17,Service
799,260,2024-05-12,Sunday,12:09:22,12:32:22,Car Wash
800,260,2024-05-11,Saturday,09:57:25,10:38:25,Test Drive
801,260,2024-05-04,Saturday,17:18:17,18:18:17,Test Drive
802,261,2024-05-19,Sunday,17:22:58,18:34:58,Service
803,261,2024-05-21,Tuesday,16:07:17,16:42:17,Car Wash
804,261,2024-05-05,Sunday,17:29:53,18:44:53,Trade-In
805,261,2024-05-27,Monday,17:57:11,18:36:11,Car Wash
806,261,2024-05-12,Sunday,19:17:12,20:28:12,Trade-In
807,261,2024-05-12,Sunday,14:39:59,15:34:59,Test Drive
808,261,2024-05-15,Wednesday,12:12:04,12:53:04,Test Drive
809,261,2024-05-14,Tuesday,09:14:41,09:34:41,Car Wash
810,262,2024-05-07,Tuesday,15:27:31,17:15:31,Financing
811,263,2024-05-06,Monday,08:03:10,08:22:10,Car Wash
812,264,2024-05-29,Wednesday,12:22:28,13:10:28,Test Drive
813,264,2024-05-07,Tuesday,15:12:22,16:34:22,Financing
814,264,2024-05-30,Thursday,11:39:15,12:26:15,Trade-In
815,265,2024-05-01,Wednesday,19:08:11,19:37:11,Test Drive
816,265,2024-05-20,Monday,13:27:55,14:39:55,Financing
817,265,2024-05-26,Sunday,18:41:37,19:04:37,Car Wash
818,265,2024-05-01,Wednesday,14:55:40,15:00:40,Car Wash
819,265,2024-05-05,Sunday,10:53:50,11:44:50,Test Drive
820,265,2024-05-22,Wednesday,11:30:17,12:08:17,Car Wash
821,266,2024-05-02,Thursday,11:36:02,13:05:02,Car Purchase
822,267,2024-05-21,Tuesday,09:42:34,10:09:34,Test Drive
823,268,2024-05-14,Tuesday,11:28:40,12:08:40,Service
824,268,2024-05-18,Saturday,19:41:15,20:19:15,Car Wash
825,268,2024-05-07,Tuesday,17:16:47,19:08:47,Car Purchase
826,268,2024-05-24,Friday,10:45:41,11:27:41,Trade-In
827,268,2024-05-23,Thursday,09:48:23,10:57:23,Service
828,268,2024-05-30,Thursday,15:47:50,16:00:50,Car Wash
829,268,2024-05-26,Sunday,16:46:12,17:44:12,Service
830,269,2024-05-04,Saturday,19:29:35,20:25:35,Test Drive
831,270,2024-05-18,Saturday,14:59:48,15:51:48,Test Drive
832,270,2024-05-21,Tuesday,15:03:30,17:15:30,Car Purchase
833,270,2024-05-20,Monday,14:27:15,15:06:15,Test Drive
834,270,2024-05-15,Wednesday,08:49:36,09:42:36,Service
835,270,2024-05-30,Thursday,11:35:19,12:10:19,Test Drive
836,270,2024-05-13,Monday,19:06:56,19:44:56,Test Drive
837,270,2024-05-05,Sunday,14:09:31,16:22:31,Car Purchase
838,271,2024-05-13,Monday,14:04:57,15:01:57,Service
839,271,2024-05-21,Tuesday,12:48:08,13:58:08,Financing
840,272,2024-05-26,Sunday,16:30:51,18:59:51,Car Purchase
841,273,2024-05-04,Saturday,09:32:12,10:25:12,Service
842,273,2024-05-01,Wednesday,18:48:35,19:32:35,Test Drive
843,273,2024-05-01,Wednesday,14:57:26,16:44:26,Financing
844,273,2024-05-16,Thursday,15:45:22,16:41:22,Service
845,273,2024-05-05,Sunday,15:20:17,17:49:17,Car Purchase
846,274,2024-05-25,Saturday,10:32:00,11:03:00,Car Wash
847,274,2024-05-08,Wednesday,10:24:44,11:18:44,Service
848,274,2024-05-23,Thursday,11:51:43,13:08:43,Service
849,274,2024-05-13,Monday,08:22:08,10:17:08,Car Purchase
850,274,2024-05-02,Thursday,10:18:55,12:30:55,Car Purchase
851,274,2024-05-15,Wednesday,09:35:18,10:01:18,Car Wash
852,275,2024-05-07,Tuesday,09:52:53,10:37:53,Test Drive
853,276,2024-05-13,Monday,11:37:24,12:01:24,Service
854,277,2024-05-12,Sunday,11:23:28,12:16:28,Test Drive
855,277,2024-05-18,Saturday,17:56:18,18:44:18,Car Wash
856,277,2024-05-17,Friday,15:10:34,16:16:34,Service
857,277,2024-05-27,Monday,10:44:11,12:49:11,Car Purchase
858,277,2024-05-21,Tuesday,08:44:00,09:08:00,Test Drive
859,277,2024-05-07,Tuesday,19:21:17,19:48:17,Car Wash
860,277,2024-05-27,Monday,19:17:58,19:58:58,Test Drive
861,278,2024-05-22,Wednesday,09:06:35,09:46:35,Car Wash
862,278,2024-05-06,Monday,18:08:58,18:39:58,Car Wash
863,278,2024-05-18,Saturday,12:13:27,13:00:27,Test Drive
864,278,2024-05-07,Tuesday,11:24:27,11:59:27,Test Drive
865,278,2024-05-23,Thursday,11:37:54,12:26:54,Car Wash
866,278,2024-05-24,Friday,16:00:06,18:08:06,Car Purchase
867,278,2024-05-18,Saturday,17:37:59,17:46:59,Car Wash
868,279,2024-05-18,Saturday,09:09:14,10:26:14,Trade-In
869,280,2024-05-28,Tuesday,18:54:38,20:11:38,Service
870,280,2024-05-06,Monday,09:37:44,10:31:44,Test Drive
871,280,2024-05-14,Tuesday,13:49:36,14:39:36,Test Drive
872,280,2024-05-03,Friday,10:21:21,11:14:21,Service
873,280,2024-05-24,Friday,09:03:09,10:47:09,Trade-In
874,281,2024-05-17,Friday,11:05:18,11:19:18,Car Wash
875,282,2024-05-19,Sunday,12:23:37,13:33:37,Financing
876,283,2024-05-27,Monday,10:02:03,11:36:03,Trade-In
877,283,2024-05-24,Friday,19:24:39,19:52:39,Car Wash
878,283,2024-05-14,Tuesday,18:05:16,19:51:16,Car Purchase
879,283,2024-05-02,Thursday,16:12:51,18:31:51,Car Purchase
880,284,2024-05-28,Tuesday,18:58:25,19:15:25,Car Wash
881,284,2024-05-10,Friday,08:56:39,10:48:39,Financing
882,284,2024-05-13,Monday,10:02:55,12:21:55,Financing
883,284,2024-05-24,Friday,17:41:51,18:20:51,Car Wash
884,285,2024-05-08,Wednesday,18:44:06,19:46:06,Service
885,286,2024-05-16,Thursday,16:11:06,16:36:06,Car Wash
886,287,2024-05-13,Monday,18:05:22,18:36:22,Car Wash
887,288,2024-05-22,Wednesday,11:24:14,12:00:14,Car Wash
888,288,2024-05-29,Wednesday,15:36:48,16:44:48,Service
889,288,2024-05-07,Tuesday,09:37:53,11:02:53,Service
890,288,2024-05-30,Thursday,10:30:09,11:15:09,Car Purchase
891,288,2024-05-06,Monday,10:33:27,11:00:27,Car Wash
892,288,2024-05-13,Monday,16:15:58,17:12:58,Service
893,289,2024-05-20,Monday,15:26:29,16:00:29,Test Drive
894,289,2024-05-27,Monday,17:06:41,19:00:41,Car Purchase
895,289,2024-05-28,Tuesday,09:52:14,10:33:14,Test Drive
896,289,2024-05-16,Thursday,10:08:28,11:18:28,Financing
897,289,2024-05-30,Thursday,10:55:28,11:37:28,Test Drive
898,289,2024-05-01,Wednesday,13:57:10,14:29:10,Test Drive
899,289,2024-05-01,Wednesday,10:34:30,11:23:30,Test Drive
900,289,2024-05-01,Wednesday,16:42:37,17:22:37,Car Wash
901,290,2024-05-30,Thursday,19:09:04,20:06:04,Service
902,291,2024-05-02,Thursday,19:37:30,20:20:30,Test Drive
903,291,2024-05-17,Friday,13:47:48,14:34:48,Test Drive
904,292,2024-05-05,Sunday,17:20:44,18:01:44,Trade-In
905,293,2024-05-05,Sunday,18:15:00,19:09:00,Service
906,294,2024-05-03,Friday,11:46:30,13:41:30,Car Purchase
907,294,2024-05-02,Thursday,13:26:37,14:45:37,Trade-In
908,294,2024-05-30,Thursday,18:37:45,19:42:45,Service
909,294,2024-05-07,Tuesday,13:20:07,14:25:07,Trade-In
910,294,2024-05-21,Tuesday,15:19:07,15:58:07,Trade-In
911,295,2024-05-16,Thursday,16:14:29,16:39:29,Test Drive
912,296,2024-05-29,Wednesday,13:15:35,13:52:35,Test Drive
913,296,2024-05-16,Thursday,13:27:47,14:08:47,Car Wash
914,296,2024-05-14,Tuesday,12:32:56,13:36:56,Service
915,296,2024-05-26,Sunday,10:48:42,11:02:42,Car Wash
916,297,2024-05-08,Wednesday,14:28:04,15:19:04,Test Drive
917,297,2024-05-26,Sunday,09:24:08,10:21:08,Trade-In
918,297,2024-05-01,Wednesday,14:09:41,15:03:41,Test Drive
919,297,2024-05-02,Thursday,17:57:17,18:45:17,Car Wash
920,297,2024-05-12,Sunday,13:36:19,14:33:19,Test Drive
921,297,2024-05-17,Friday,18:00:52,18:53:52,Test Drive
922,297,2024-05-30,Thursday,16:46:02,18:04:02,Car Purchase
923,297,2024-05-12,Sunday,17:12:00,18:03:00,Service
924,298,2024-05-10,Friday,10:23:27,12:03:27,Car Purchase
925,299,2024-05-19,Sunday,13:14:15,13:50:15,Car Wash
926,299,2024-05-02,Thursday,18:00:14,18:48:14,Service
927,299,2024-05-17,Friday,17:32:36,18:07:36,Service
928,299,2024-05-02,Thursday,16:06:31,17:20:31,Trade-In
929,299,2024-05-28,Tuesday,08:59:55,10:32:55,Trade-In
930,299,2024-05-30,Thursday,13:35:56,14:04:56,Car Wash
931,299,2024-05-05,Sunday,10:21:23,11:56:23,Service
932,299,2024-05-20,Monday,12:52:35,14:03:35,Test Drive
933,299,2024-05-22,Wednesday,09:20:35,10:03:35,Car Wash
934,300,2024-05-07,Tuesday,14:28:53,15:00:53,Test Drive
935,300,2024-05-19,Sunday,16:30:13,17:04:13,Car Wash
936,300,2024-05-02,Thursday,11:47:45,11:52:45,Car Wash
937,300,2024-05-26,Sunday,10:19:01,11:03:01,Service
938,300,2024-05-19,Sunday,18:36:17,19:13:17,Car Wash
939,300,2024-05-23,Thursday,19:34:04,20:43:04,Financing
940,301,2024-05-10,Friday,17:42:16,18:46:16,Test Drive
941,301,2024-05-04,Saturday,11:17:08,12:49:08,Trade-In
942,301,2024-05-29,Wednesday,09:13:24,09:29:24,Car Wash
943,301,2024-05-25,Saturday,08:43:38,09:27:38,Car Wash
944,301,2024-05-14,Tuesday,10:50:49,11:05:49,Car Wash
945,301,2024-05-26,Sunday,16:56:37,17:52:37,Service
946,302,2024-05-23,Thursday,08:27:51,10:40:51,Car Purchase
947,303,2024-05-22,Wednesday,12:30:44,14:19:44,Trade-In
948,304,2024-05-01,Wednesday,10:29:49,11:49:49,Trade-In
949,304,2024-05-30,Thursday,16:25:01,16:50:01,Car Wash
950,304,2024-05-14,Tuesday,11:24:50,13:07:50,Trade-In
951,305,2024-05-09,Thursday,19:30:43,19:56:43,Car Wash
952,305,2024-05-18,Saturday,12:57:41,13:40:41,Test Drive
953,305,2024-05-25,Saturday,09:36:29,10:13:29,Test Drive
954,305,2024-05-06,Monday,13:54:02,16:10:02,Car Purchase
955,305,2024-05-21,Tuesday,13:42:59,15:28:59,Trade-In
956,305,2024-05-10,Friday,19:48:35,20:46:35,Service
957,305,2024-05-21,Tuesday,11:39:51,12:21:51,Service
958,305,2024-05-22,Wednesday,12:58:29,15:52:29,Car Purchase
959,305,2024-05-08,Wednesday,09:56:46,10:17:46,Car Wash
960,306,2024-05-20,Monday,15:24:18,17:06:18,Trade-In
961,307,2024-05-23,Thursday,18:39:31,19:57:31,Financing
962,307,2024-05-30,Thursday,10:49:41,11:55:41,Service
963,307,2024-05-05,Sunday,10:32:46,11:10:46,Test Drive
964,308,2024-05-07,Tuesday,17:31:11,18:59:11,Trade-In
965,309,2024-05-17,Friday,17:04:21,17:26:21,Car Wash
966,309,2024-05-28,Tuesday,08:42:22,09:25:22,Test Drive
967,309,2024-05-26,Sunday,14:32:25,16:23:25,Car Purchase
968,309,2024-05-17,Friday,13:01:48,14:02:48,Service
969,310,2024-05-28,Tuesday,17:16:54,19:07:54,Trade-In
970,310,2024-05-26,Sunday,13:13:21,13:49:21,Car Wash
971,310,2024-05-14,Tuesday,13:50:22,15:01:22,Service
972,310,2024-05-08,Wednesday,09:24:12,10:23:12,Service
973,310,2024-05-09,Thursday,11:01:24,11:52:24,Service
974,310,2024-05-19,Sunday,17:33:34,18:34:34,Trade-In
975,311,2024-05-17,Friday,10:02:17,10:43:17,Service
976,311,2024-05-20,Monday,19:04:02,20:43:02,Trade-In
977,311,2024-05-27,Monday,19:28:17,20:07:17,Car Wash
978,311,2024-05-09,Thursday,09:36:44,10:13:44,Car Wash
979,311,2024-05-11,Saturday,14:57:45,16:30:45,Financing
980,312,2024-05-16,Thursday,13:14:59,13:43:59,Test Drive
981,313,2024-05-17,Friday,10:01:23,10:28:23,Car Wash
982,313,2024-05-06,Monday,10:39:25,12:58:25,Car Purchase
983,313,2024-05-16,Thursday,08:52:02,10:37:02,Trade-In
984,313,2024-05-18,Saturday,16:37:22,17:48:22,Service
985,313,2024-05-12,Sunday,11:27:44,11:57:44,Car Wash
986,313,2024-05-27,Monday,15:57:51,16:39:51,Service
987,313,2024-05-14,Tuesday,13:22:29,13:46:29,Car Wash
988,313,2024-05-21,Tuesday,18:04:34,18:40:34,Car Wash
989,313,2024-05-07,Tuesday,12:50:27,13:55:27,Service
990,314,2024-05-11,Saturday,14:56:01,15:54:01,Service
991,314,2024-05-20,Monday,12:28:19,12:56:19,Test Drive
992,314,2024-05-06,Monday,11:49:24,13:04:24,Service
993,315,2024-05-25,Saturday,10:32:00,11:30:00,Service
994,316,2024-05-13,Monday,10:11:47,10:56:47,Car Wash
995,316,2024-05-05,Sunday,09:21:38,09:51:38,Car Wash
996,317,2024-05-15,Wednesday,13:02:59,13:37:59,Car Wash
997,318,2024-05-22,Wednesday,08:07:23,08:25:23,Trade-In
998,319,2024-05-28,Tuesday,09:51:11,10:52:11,Service
999,319,2024-05-16,Thursday,19:08:39,19:39:39,Car Wash
1000,319,2024-05-18,Saturday,19:58:31,20:44:31,Test Drive
1001,319,2024-05-22,Wednesday,16:09:23,17:00:23,Test Drive
1002,319,2024-05-18,Saturday,14:03:25,14:35:25,Test Drive
1003,319,2024-05-26,Sunday,09:28:22,11:15:22,Car Purchase
1004,319,2024-05-15,Wednesday,08:32:24,08:59:24,Test Drive
1005,319,2024-05-26,Sunday,11:29:18,11:36:18,Car Wash
1006,319,2024-05-24,Friday,09:22:45,10:02:45,Test Drive
1007,319,2024-05-29,Wednesday,13:16:18,16:20:18,Car Purchase
1008,320,2024-05-03,Friday,15:36:33,16:19:33,Car Wash
1009,320,2024-05-21,Tuesday,18:26:15,18:53:15,Car Wash
1010,320,2024-05-29,Wednesday,08:15:06,08:41:06,Car Wash
1011,320,2024-05-12,Sunday,10:48:20,11:39:20,Car Wash
1012,320,2024-05-04,Saturday,08:31:40,10:27:40,Trade-In
1013,321,2024-05-09,Thursday,19:52:37,21:06:37,Service
1014,322,2024-05-06,Monday,14:32:54,15:43:54,Financing
1015,323,2024-05-15,Wednesday,17:56:13,19:05:13,Service
1016,323,2024-05-07,Tuesday,17:30:23,18:06:23,Test Drive
1017,323,2024-05-14,Tuesday,15:35:57,15:55:57,Car Wash
1018,323,2024-05-13,Monday,13:26:24,13:46:24,Car Wash
1019,323,2024-05-03,Friday,15:19:53,15:48:53,Car Wash
1020,323,2024-05-19,Sunday,12:27:34,13:39:34,Service
1021,324,2024-05-07,Tuesday,11:29:22,13:01:22,Financing
1022,324,2024-05-15,Wednesday,18:36:36,20:39:36,Car Purchase
1023,324,2024-05-02,Thursday,11:14:51,11:50:51,Test Drive
1024,324,2024-05-18,Saturday,13:22:58,14:53:58,Financing
1025,324,2024-05-27,Monday,15:28:10,15:51:10,Test Drive
1026,324,2024-05-23,Thursday,09:13:53,09:52:53,Test Drive
1027,324,2024-05-07,Tuesday,15:27:10,16:37:10,Financing
1028,325,2024-05-21,Tuesday,17:42:14,19:57:14,Car Purchase
1029,326,2024-05-12,Sunday,09:22:12,09:49:12,Car Wash
1030,326,2024-05-28,Tuesday,15:08:56,16:33:56,Trade-In
1031,327,2024-05-17,Friday,18:30:33,19:52:33,Trade-In
1032,328,2024-05-14,Tuesday,10:11:35,10:50:35,Test Drive
1033,328,2024-05-29,Wednesday,08:31:06,09:49:06,Service
1034,328,2024-05-14,Tuesday,19:29:16,21:01:16,Car Purchase
1035,329,2024-05-27,Monday,09:23:36,11:01:36,Car Purchase
1036,329,2024-05-06,Monday,09:39:46,10:06:46,Car Wash
1037,329,2024-05-18,Saturday,19:11:56,20:42:56,Car Purchase
1038,329,2024-05-08,Wednesday,19:06:22,20:33:22,Trade-In
1039,329,2024-05-20,Monday,17:27:58,18:12:58,Trade-In
1040,329,2024-05-18,Saturday,19:23:07,19:54:07,Car Wash
1041,330,2024-05-27,Monday,11:04:32,12:00:32,Service
1042,331,2024-05-30,Thursday,15:38:46,16:13:46,Test Drive
1043,331,2024-05-08,Wednesday,19:38:38,21:19:38,Car Purchase
1044,331,2024-05-14,Tuesday,12:49:37,13:31:37,Car Wash
1045,331,2024-05-07,Tuesday,13:27:04,14:36:04,Trade-In
1046,332,2024-05-15,Wednesday,17:57:19,19:16:19,Service
1047,332,2024-05-23,Thursday,14:22:06,15:51:06,Car Purchase
1048,332,2024-05-10,Friday,10:57:08,12:01:08,Car Purchase
1049,332,2024-05-10,Friday,16:51:13,17:24:13,Test Drive
1050,332,2024-05-19,Sunday,14:54:14,17:04:14,Car Purchase
1051,332,2024-05-19,Sunday,10:27:20,10:56:20,Car Wash
1052,332,2024-05-14,Tuesday,08:47:09,09:29:09,Test Drive
1053,333,2024-05-18,Saturday,18:47:01,19:26:01,Service
1054,334,2024-05-06,Monday,18:58:39,21:00:39,Car Purchase
1055,335,2024-05-15,Wednesday,09:28:32,10:51:32,Trade-In
1056,336,2024-05-12,Sunday,14:07:36,14:56:36,Test Drive
1057,337,2024-05-08,Wednesday,10:31:26,11:47:26,Service
1058,338,2024-05-20,Monday,08:39:31,10:48:31,Car Purchase
1059,339,2024-05-02,Thursday,16:55:22,18:24:22,Trade-In
1060,340,2024-05-07,Tuesday,12:53:19,14:21:19,Financing
1061,340,2024-05-14,Tuesday,15:33:45,16:48:45,Service
1062,340,2024-05-16,Thursday,15:38:42,17:01:42,Car Purchase
1063,340,2024-05-05,Sunday,18:27:39,19:30:39,Service
1064,341,2024-05-15,Wednesday,19:16:32,19:33:32,Car Wash
1065,342,2024-05-09,Thursday,08:59:48,09:41:48,Service
1066,342,2024-05-21,Tuesday,17:20:04,18:13:04,Test Drive
1067,342,2024-05-01,Wednesday,11:56:46,14:01:46,Car Purchase
1068,342,2024-05-10,Friday,16:48:40,17:41:40,Car Wash
1069,343,2024-05-17,Friday,16:10:53,17:26:53,Financing
1070,344,2024-05-21,Tuesday,17:13:38,17:42:38,Car Wash
1071,344,2024-05-29,Wednesday,19:55:34,20:39:34,Car Wash
1072,344,2024-05-06,Monday,18:22:03,19:02:03,Test Drive
1073,345,2024-05-24,Friday,08:57:28,09:39:28,Test Drive
1074,345,2024-05-07,Tuesday,19:06:58,20:46:58,Trade-In
1075,346,2024-05-13,Monday,14:54:35,15:22:35,Service
1076,346,2024-05-12,Sunday,08:01:12,09:06:12,Test Drive
1077,346,2024-05-15,Wednesday,15:14:32,16:25:32,Service
1078,346,2024-05-12,Sunday,12:08:22,12:46:22,Test Drive
1079,346,2024-05-28,Tuesday,18:24:50,19:48:50,Trade-In
1080,346,2024-05-07,Tuesday,14:37:31,15:16:31,Car Wash
1081,347,2024-05-18,Saturday,13:07:16,13:53:16,Service
1082,347,2024-05-01,Wednesday,08:41:11,09:55:11,Service
1083,347,2024-05-23,Thursday,19:41:48,19:50:48,Car Wash
1084,348,2024-05-30,Thursday,09:19:15,10:18:15,Service
1085,349,2024-05-06,Monday,13:52:28,15:42:28,Car Purchase
1086,349,2024-05-26,Sunday,19:59:11,21:33:11,Trade-In
1087,349,2024-05-16,Thursday,19:31:24,19:57:24,Car Wash
1088,349,2024-05-15,Wednesday,13:57:43,14:45:43,Service
1089,349,2024-05-18,Saturday,15:24:31,16:06:31,Service
1090,349,2024-05-20,Monday,13:30:42,14:26:42,Service
1091,349,2024-05-06,Monday,18:19:04,18:40:04,Car Wash
1092,349,2024-05-26,Sunday,18:28:15,19:57:15,Financing
1093,349,2024-05-20,Monday,10:13:38,10:58:38,Service
1094,349,2024-05-02,Thursday,18:53:39,19:31:39,Car Wash
1095,350,2024-05-18,Saturday,14:57:48,16:42:48,Financing
1096,351,2024-05-23,Thursday,15:06:53,16:19:53,Car Purchase
1097,351,2024-05-02,Thursday,08:43:43,09:35:43,Service
1098,351,2024-05-27,Monday,17:34:19,18:51:19,Trade-In
1099,351,2024-05-30,Thursday,18:48:35,19:29:35,Test Drive
1100,351,2024-05-10,Friday,18:37:05,19:31:05,Test Drive
1101,351,2024-05-05,Sunday,08:39:39,10:07:39,Trade-In
1102,351,2024-05-21,Tuesday,15:18:02,16:21:02,Service
1103,352,2024-05-18,Saturday,11:47:42,13:16:42,Financing
1104,353,2024-05-17,Friday,08:11:44,09:12:44,Financing
1105,354,2024-05-04,Saturday,12:36:51,12:52:51,Car Wash
1106,355,2024-05-25,Saturday,14:41:16,16:02:16,Financing
1107,356,2024-05-24,Friday,18:08:11,19:31:11,Trade-In
1108,357,2024-05-04,Saturday,11:27:56,12:27:56,Service
1109,357,2024-05-24,Friday,08:11:33,08:47:33,Car Wash
1110,357,2024-05-29,Wednesday,09:38:14,10:34:14,Service
1111,357,2024-05-29,Wednesday,09:15:38,10:26:38,Service
1112,357,2024-05-17,Friday,12:43:59,15:24:59,Car Purchase
1113,357,2024-05-02,Thursday,16:10:23,17:05:23,Test Drive
1114,357,2024-05-26,Sunday,14:56:38,16:17:38,Financing
1115,357,2024-05-02,Thursday,10:03:57,10:40:57,Test Drive
1116,357,2024-05-25,Saturday,12:27:29,13:46:29,Trade-In
1117,357,2024-05-19,Sunday,13:17:09,14:18:09,Service
1118,358,2024-05-01,Wednesday,08:12:36,08:59:36,Service
1119,358,2024-05-23,Thursday,11:36:25,12:22:25,Service
1120,358,2024-05-22,Wednesday,16:01:54,16:45:54,Car Wash
1121,358,2024-05-21,Tuesday,13:36:54,14:25:54,Test Drive
1122,358,2024-05-23,Thursday,14:19:32,15:11:32,Service
1123,359,2024-05-20,Monday,19:07:23,21:20:23,Car Purchase
1124,359,2024-05-19,Sunday,08:01:14,09:04:14,Service
1125,359,2024-05-17,Friday,18:12:32,18:28:32,Test Drive
1126,359,2024-05-13,Monday,18:56:13,19:26:13,Car Wash
1127,359,2024-05-30,Thursday,10:47:13,11:27:13,Car Wash
1128,359,2024-05-12,Sunday,18:16:39,20:05:39,Car Purchase
1129,360,2024-05-11,Saturday,16:56:33,17:30:33,Service
1130,360,2024-05-11,Saturday,19:05:35,21:41:35,Car Purchase
1131,360,2024-05-26,Sunday,16:44:36,18:19:36,Trade-In
1132,361,2024-05-06,Monday,09:21:40,11:09:40,Car Purchase
1133,361,2024-05-19,Sunday,15:47:37,17:47:37,Car Purchase
1134,361,2024-05-22,Wednesday,10:41:00,11:24:00,Financing
1135,361,2024-05-11,Saturday,19:41:49,20:30:49,Test Drive
1136,361,2024-05-11,Saturday,11:51:30,12:31:30,Test Drive
1137,362,2024-05-24,Friday,16:30:54,18:03:54,Service
1138,363,2024-05-10,Friday,19:01:37,19:34:37,Car Wash
1139,363,2024-05-24,Friday,18:14:44,19:00:44,Car Wash
1140,364,2024-05-10,Friday,13:46:56,15:22:56,Trade-In
1141,365,2024-05-08,Wednesday,11:33:42,12:08:42,Test Drive
1142,365,2024-05-06,Monday,17:04:10,17:28:10,Car Wash
1143,365,2024-05-21,Tuesday,11:22:20,12:39:20,Service
1144,366,2024-05-12,Sunday,13:19:17,14:11:17,Service
1145,366,2024-05-04,Saturday,12:10:23,13:23:23,Service
1146,366,2024-05-23,Thursday,15:12:23,15:43:23,Test Drive
1147,366,2024-05-03,Friday,18:28:36,19:16:36,Test Drive
1148,367,2024-05-22,Wednesday,14:41:27,15:48:27,Service
1149,367,2024-05-10,Friday,19:46:41,20:55:41,Service
1150,368,2024-05-10,Friday,17:50:00,18:29:00,Test Drive
1151,368,2024-05-30,Thursday,15:38:06,16:01:06,Car Wash
1152,368,2024-05-09,Thursday,13:33:45,15:21:45,Financing
1153,368,2024-05-04,Saturday,19:39:44,20:24:44,Test Drive
1154,369,2024-05-09,Thursday,13:17:11,15:39:11,Car Purchase
1155,369,2024-05-16,Thursday,12:15:00,12:34:00,Car Wash
1156,369,2024-05-07,Tuesday,10:53:36,12:29:36,Trade-In
1157,369,2024-05-08,Wednesday,08:01:29,10:42:29,Car Purchase
1158,369,2024-05-28,Tuesday,09:42:56,10:47:56,Service
1159,369,2024-05-13,Monday,16:12:17,17:50:17,Financing
1160,369,2024-05-24,Friday,09:47:32,10:48:32,Trade-In
1161,370,2024-05-07,Tuesday,17:00:41,17:50:41,Test Drive
1162,371,2024-05-28,Tuesday,10:56:04,11:52:04,Test Drive
1163,371,2024-05-07,Tuesday,15:22:43,15:33:43,Car Wash
1164,371,2024-05-09,Thursday,13:54:33,15:02:33,Service
1165,371,2024-05-19,Sunday,19:05:36,20:04:36,Trade-In
1166,372,2024-05-09,Thursday,17:13:35,17:33:35,Car Wash
1167,373,2024-05-16,Thursday,12:27:03,12:53:03,Car Wash
1168,373,2024-05-22,Wednesday,19:15:50,20:26:50,Service
1169,374,2024-05-18,Saturday,17:41:38,18:07:38,Car Wash
1170,375,2024-05-07,Tuesday,12:00:14,14:03:14,Financing
1171,376,2024-05-09,Thursday,09:59:45,10:35:45,Car Wash
1172,377,2024-05-02,Thursday,14:09:53,14:57:53,Test Drive
1173,378,2024-05-15,Wednesday,08:27:30,10:36:30,Car Purchase
1174,379,2024-05-13,Monday,18:16:48,19:22:48,Trade-In
1175,379,2024-05-03,Friday,18:30:16,21:25:16,Car Purchase
1176,380,2024-05-10,Friday,15:20:12,16:16:12,Test Drive
1177,380,2024-05-04,Saturday,11:53:57,12:12:57,Car Wash
1178,380,2024-05-09,Thursday,13:22:11,14:06:11,Test Drive
1179,381,2024-05-02,Thursday,17:15:11,18:24:11,Service
1180,382,2024-05-08,Wednesday,09:12:14,10:20:14,Trade-In
1181,383,2024-05-27,Monday,18:52:42,19:46:42,Service
1182,384,2024-05-21,Tuesday,09:56:49,10:55:49,Trade-In
1183,384,2024-05-04,Saturday,13:13:03,15:02:03,Car Purchase
1184,384,2024-05-16,Thursday,14:16:18,14:33:18,Car Wash
1185,384,2024-05-08,Wednesday,18:06:25,18:36:25,Test Drive
1186,385,2024-05-25,Saturday,10:30:25,11:08:25,Car Wash
1187,385,2024-05-25,Saturday,09:01:15,09:37:15,Car Wash
1188,385,2024-05-13,Monday,10:40:12,11:01:12,Car Wash
1189,385,2024-05-27,Monday,16:47:01,17:19:01,Test Drive
1190,386,2024-05-22,Wednesday,15:57:27,16:15:27,Car Wash
1191,387,2024-05-15,Wednesday,18:13:37,20:47:37,Car Purchase
1192,388,2024-05-17,Friday,10:01:10,10:32:10,Car Wash
1193,389,2024-05-22,Wednesday,17:39:41,19:05:41,Financing
1194,390,2024-05-18,Saturday,16:18:07,16:38:07,Test Drive
1195,390,2024-05-22,Wednesday,08:35:16,09:55:16,Car Purchase
1196,390,2024-05-09,Thursday,12:11:36,13:03:36,Test Drive
1197,390,2024-05-14,Tuesday,18:51:07,20:57:07,Car Purchase
1198,390,2024-05-12,Sunday,15:37:46,16:27:46,Test Drive
1199,390,2024-05-20,Monday,11:59:03,12:42:03,Test Drive
1200,391,2024-05-29,Wednesday,16:03:11,17:05:11,Service
1201,391,2024-05-10,Friday,14:27:57,15:03:57,Car Wash
1202,392,2024-05-19,Sunday,08:12:12,10:24:12,Car Purchase
1203,393,2024-05-22,Wednesday,17:08:32,17:37:32,Car Wash
1204,393,2024-05-16,Thursday,11:14:31,12:37:31,Service
1205,393,2024-05-11,Saturday,15:51:02,16:14:02,Car Wash
1206,394,2024-05-20,Monday,18:52:48,20:37:48,Financing
1207,394,2024-05-01,Wednesday,18:11:14,18:56:14,Test Drive
1208,394,2024-05-28,Tuesday,14:13:29,15:03:29,Test Drive
1209,394,2024-05-20,Monday,17:45:37,19:07:37,Financing
1210,395,2024-05-25,Saturday,13:43:10,15:14:10,Service
1211,396,2024-05-24,Friday,16:18:01,16:32:01,Car Wash
1212,397,2024-05-01,Wednesday,15:24:45,16:05:45,Service
1213,398,2024-05-29,Wednesday,16:07:15,16:47:15,Car Wash
1214,398,2024-05-13,Monday,11:14:00,12:42:00,Financing
1215,398,2024-05-03,Friday,17:48:38,18:35:38,Car Wash
1216,398,2024-05-27,Monday,16:26:10,17:38:10,Service
1217,399,2024-05-29,Wednesday,10:46:36,11:24:36,Test Drive
1218,400,2024-05-30,Thursday,11:36:02,14:12:02,Car Purchase
1219,400,2024-05-23,Thursday,14:58:20,17:08:20,Car Purchase
1220,400,2024-05-13,Monday,19:26:50,20:51:50,Car Purchase
1221,400,2024-05-18,Saturday,10:08:12,11:00:12,Test Drive
1222,400,2024-05-13,Monday,18:43:45,19:30:45,Service
1223,400,2024-05-30,Thursday,16:44:43,17:34:43,Service
1224,400,2024-05-30,Thursday,09:29:43,10:21:43,Test Drive
